Factibilidad , Variabilidad , DESAYUNO , COLACION_MATUTINA , COMIDA_ENTRADA , COMIDA_ENTRADA , COMIDA_PRINCIPAL , COMIDA_PRINCIPAL , COLACION_VESPERTINA , CENA 
1.90826e+06 , 2.95148e+20 ,  , 2 , 86 , 122 , 120 , 143 , 165 , 188 , 239
 , 2 , 86 , 122 , 120 , 143 , 165 , 188 , 239
 , 2 , 86 , 122 , 120 , 143 , 165 , 188 , 239
 , 2 , 86 , 122 , 120 , 143 , 165 , 188 , 239
 , 2 , 86 , 122 , 120 , 143 , 165 , 188 , 239
 , 2 , 86 , 122 , 120 , 143 , 165 , 188 , 239
 , 2 , 86 , 122 , 120 , 143 , 165 , 188 , 239
 , 2 , 86 , 122 , 120 , 143 , 165 , 188 , 239
