Factibilidad , Variabilidad , DESAYUNO , COLACION_MATUTINA , COMIDA_ENTRADA , COMIDA_ENTRADA , COMIDA_PRINCIPAL , COMIDA_PRINCIPAL , COLACION_VESPERTINA , CENA 
1.06367e+07 , 2.95148e+20 ,  , 63 , 95 , 128 , 127 , 141 , 167 , 188 , 237
 , 63 , 95 , 128 , 127 , 141 , 167 , 188 , 237
 , 63 , 95 , 128 , 127 , 141 , 167 , 188 , 237
 , 63 , 95 , 128 , 127 , 141 , 167 , 188 , 237
 , 63 , 95 , 128 , 127 , 141 , 167 , 188 , 237
 , 63 , 95 , 128 , 127 , 141 , 167 , 188 , 237
 , 63 , 95 , 128 , 127 , 141 , 167 , 188 , 237
 , 63 , 95 , 128 , 127 , 141 , 167 , 188 , 237
